USE parkingsolution;

insert into User (Id, Username, Email, Name, Password, Phone_number)
values (1, 'rwhittlesey0', 'rwhittlesey0@cargocollective.com', 'Roley Whittlesey', 'ptJOXzr', '9121272945'),
       (2, 'hcapron1', 'hcapron1@taobao.com', 'Holmes Capron', 'ACZmRQyw', '9877779305'),
       (3, 'eworham2', 'eworham2@networkadvertising.org', 'Egan Worham', 'j1XnAXk2SP', '3144976265'),
       (4, 'gbraunter3', 'gbraunter3@cpanel.net', 'Garreth Braunter', '4A1AvxUHb', '3293394567'),
       (5, 'owner', 'jde4@google.com', 'Jackie De Hooch', 'owner', '8606449123'),
       (6, 'neshmade5', 'neshmade5@ted.com', 'Nobe Eshmade', 'obB4iiI', '8461967682'),
       (7, 'ajansky6', 'ajansky6@reuters.com', 'Amye Jansky', 'jPXzc4rl', '6824066734'),
       (8, 'dvaudin7', 'dvaudin7@soup.io', 'Derron Vaudin', 'KDJwHJh', '4884027685'),
       (9, 'glongley8', 'glongley8@oakley.com', 'Gasper Longley', 'OjTxZngEYtU', '4649061906'),
       (10, 'gwaterstone9', 'gwaterstone9@flavors.me', 'Giorgio Waterstone', 'r14W38lLgF', '8378850090'),
       (11, 'rmcdoola', 'rmcdoola@cbc.ca', 'Ruth McDool', 'DQCzEINjkS', '9463709059'),
       (12, 'tbutterfillb', 'tbutterfillb@linkedin.com', 'Tomasine Butterfill', 'YDZSLJE7cgh', '4454461103'),
       (13, 'lmcshiriec', 'lmcshiriec@theguardian.com', 'Louisette McShirie', 'CvrOE6Xb', '8455532805'),
       (14, 'agelardid', 'agelardid@myspace.com', 'Aurlie Gelardi', '2jimHGBjGi', '1874788904'),
       (15, 'agoringe', 'agoringe@blogspot.com', 'Alon Goring', '9np9ADhd', '2752446571'),
       (16, 'psteersf', 'psteersf@smugmug.com', 'Phylys Steers', '0QDb3PyVn', '8006960376'),
       (17, 'operator', 'cpasfieldg@tinyurl.com', 'Cris Pasfield', 'operator', '3312553084'),
       (18, 'efilippazzoh', 'efilippazzoh@whitehouse.gov', 'Eve Filippazzo', 'QLqLs5w', '1096406957'),
       (19, 'emarchanti', 'emarchanti@oracle.com', 'Elsey Marchant', 'PXz2ujSooaB', '4034403030'),
       (20, 'balj', 'balj@blogtalkradio.com', 'Barry Al Hirsi', '9FEzVmv0', '2843078325'),
       (21, 'dgauchierk', 'dgauchierk@ebay.co.uk', 'Devi Gauchier', 'Gy2yjgw', '2097538880'),
       (22, 'blel', 'blel@si.edu', 'Birgitta Le Ball', 'KeWweRCPp', '1487974704'),
       (23, 'bturlandm', 'bturlandm@4shared.com', 'Barnebas Turland', 'NXeWI2Yd', '1352346823'),
       (24, 'dhardwidgen', 'dhardwidgen@marriott.com', 'Dulsea Hardwidge', '0RkdcxM6EcQG', '7269431348'),
       (25, 'gblakestono', 'gblakestono@unc.edu', 'Gabie Blakeston', 'c1oiFbgWFhNU', '4868327741'),
       (26, 'hmehaffeyp', 'hmehaffeyp@guardian.co.uk', 'Hadria Mehaffey', 'UCZUbXng', '2576673534'),
       (27, 'cescaleraq', 'cescaleraq@hc360.com', 'Cosette Escalera', 'qGXw6qj', '7189885114'),
       (28, 'iwinspurr', 'iwinspurr@angelfire.com', 'Ilysa Winspur', 'WzGMb9uWogi', '2397102585'),
       (29, 'tpetticans', 'tpetticans@mit.edu', 'Terri-jo Pettican', 'QtiOzB', '8928196692'),
       (30, 'eprimroset', 'eprimroset@toplist.cz', 'Edith Primrose', 'UQyW21', '2525074107'),
       (31, 'dcastledineu', 'dcastledineu@ucsd.edu', 'Darb Castledine', 'RTIkUz', '4909488770'),
       (32, 'customer', 'gelstobv@cbc.ca', 'Gale Elstob', 'customer', '3547204407'),
       (33, 'lpostansw', 'lpostansw@springer.com', 'Leland Postans', 'saEd7Rr5XWU', '5051909880'),
       (34, 'cvisex', 'cvisex@cornell.edu', 'Crichton Vise', 'HwBBOfTR5d', '5646113816'),
       (35, 'nsentery', 'nsentery@wikispaces.com', 'Nerti Senter', 'z9KZxqBDU0', '9705468097'),
       (36, 'bissattz', 'bissattz@acquirethisname.com', 'Barrett Issatt', '3JWZb2TX3oh', '1619261568'),
       (37, 'cdahlen10', 'cdahlen10@ted.com', 'Constancy Dahlen', 'hZHGoBvRR1I', '1904142374'),
       (38, 'mdrinkall11', 'mdrinkall11@about.me', 'Marnie Drinkall', '8d2j4rQLhK4n', '3617654720'),
       (39, 'cleason12', 'cleason12@apache.org', 'Cecily Leason', 'But1Dk30', '6422017677'),
       (40, 'npriddey13', 'npriddey13@bing.com', 'Nap Priddey', 'Nhf0bT', '5849110992'),
       (41, 'nonge14', 'nonge14@wikia.com', 'Nolie Onge', 'UumrG5', '3614376529'),
       (42, 'ltixall15', 'ltixall15@sbwire.com', 'Lyndel Tixall', 'OvfURFQ', '3577390426'),
       (43, 'cgrasha16', 'cgrasha16@who.int', 'Conchita Grasha', 'ERe61aPM6OR', '1983514141'),
       (44, 'arawling17', 'arawling17@ox.ac.uk', 'Arnie Rawling', 'nKlBSKhRl', '1463790040'),
       (45, 'alammerts18', 'alammerts18@t.co', 'Ardene Lammerts', 'pVQLPRkWPql', '7393476689'),
       (46, 'dsacks19', 'dsacks19@flickr.com', 'Dolley Sacks', 'NztRl4vuZjSy', '5628957938'),
       (47, 'btoplin1a', 'btoplin1a@merriam-webster.com', 'Baldwin Toplin', '6dcAGrSIt791', '4622892171'),
       (48, 'uhusbands1b', 'uhusbands1b@examiner.com', 'Ulrica Husbands', '8tcLCuhR', '8363251367'),
       (49, 'kfernez1c', 'kfernez1c@jugem.jp', 'Kristoffer Fernez', 'iqqFUw', '5208009236'),
       (50, 'hgersam1d', 'hgersam1d@instagram.com', 'Hamel Gersam', 'mNEinJUlYFhq', '1471514726');
insert
into Garage (Garage_Id, Zip, Set_cost, Garage_Name, Address, Number_Floors, Number_Spots)
values (1, '41698', 34, 'Kautzer, Crooks and Kilback', '587 Hoard Place', 4, 47),
       (2, '41697', 47, 'Pfeffer, Paucek and Shanahan', '7743 Debs Junction', 2, 8),
       (3, '41696', 34, 'Feest, Schultz and Gottlieb', '9538 Meadow Valley Center', 1, 14),
       (4, '41695', 21, 'Wilkinson-Kiehn', '768 Sutteridge Pass', 3, 18),
       (5, '41689', 16, 'Ratke, Gutkowski and Mills', '04 Forest Terrace', 5, 35),
       (6, '45698', 39, 'Bahringer-Hand', '20937 Haas Alley', 2, 12),
       (7, '51698', 23, 'Keeling Group', '8923 Oneill Road', 1, 35),
       (8, '96698', 35, 'Ernser-Padberg', '05 Buhler Road', 4, 29),
       (9, '41690', 15, 'Pouros-Shanahan', '6318 Claremont Road', 4, 50),
       (10, '41691', 14, 'Lynch, Kuphal and VonRueden', '137 Almo Point', 1, 39),
       (11, '41692', 23, 'Ziemann-Wyman', '08228 Fallview Hill', 5, 48),
       (12, '41693', 39, 'Lynch Group', '89 Claremont Plaza', 4, 32),
       (13, '41190', 14, 'Gislason Inc', '97528 Logan Parkway', 4, 43),
       (14, '41123', 26, 'Armstrong, Bechtelar and Goodwin', '4 Roxbury Pass', 1, 19),
       (15, '41688', 11, 'Ledner-Hahn', '203 Del Mar Junction', 1, 13);

insert into Owner (Garage_Id, User_Id, Owner_Code)
values (1, 1, '012345'),
       (2, 2, '023456'),
       (3, 3, '034567'),
       (4, 4, '045678'),
       (5, 5, '056789'),
       (6, 6, '067891'),
       (7, 7, '078912'),
       (8, 8, '089123'),
       (9, 9, '091234'),
       (10, 10, '101234'),
       (11, 11, '112345'),
       (12, 12, '123455'),
       (13, 13, '134567'),
       (14, 14, '145678'),
       (15, 15, '156789');

insert into Operator (User_Id, Garage_Id, Operator_Code)
values (16, 1, '012395'),
       (17, 2, '023496'),
       (18, 3, '034597'),
       (19, 4, '045698'),
       (20, 5, '056799'),
       (21, 6, '067899'),
       (22, 7, '078919'),
       (23, 8, '089129'),
       (24, 9, '091239'),
       (25, 10, '101239'),
       (26, 11, '112349'),
       (27, 12, '123459'),
       (28, 13, '134569'),
       (29, 14, '145679'),
       (30, 15, '156799');

insert into Floor(garage_id, floor_id, total_booked, total_spots)
VALUES (1, 1, 2, 11),
       (1, 2, 1, 12),
       (1, 3, 0, 12),
       (1, 4, 0, 12),
       (2, 1, 0, 4),
       (2, 2, 1, 4),
       (3, 1, 0, 14),
       (4, 1, 1, 6),
       (4, 2, 1, 6),
       (4, 3, 3, 6),
       (5, 1, 1, 7),
       (5, 2, 0, 7),
       (5, 3, 7, 7),
       (5, 4, 3, 7),
       (5, 5, 0, 7),
       (6, 1, 4, 6),
       (6, 2, 0, 6);

insert into Spot(Spot_Id, Floor_Id, Garage_Id, Start_Time, End_Time)
VALUES (1, 1, 1, 12, 2),
       (2, 1, 1, 16, 18),
       (1, 2, 1, 12, 15),
       (1, 2, 2, 04, 08),
       (1, 1, 4, 12, 15),
       (1, 2, 4, 18, 20),
       (1, 3, 4, 20, 22),
       (1, 1, 5, 12, 15),
       (1, 3, 5, 04, 08),
       (2, 3, 5, 12, 16),
       (3, 3, 5, 16, 18),
       (4, 3, 5, 18, 20),
       (5, 3, 5, 20, 22),
       (6, 3, 5, 22, 24),
       (7, 3, 5, 02, 04),
       (1, 4, 5, 12, 15),
       (2, 4, 5, 04, 08),
       (3, 4, 5, 10, 12);

insert into Car (Car_Id, Color, Model, Number_Plate, User_Id)
values (1, 'Yellow', 'Mitsubishi', 'JC69eqE', 31),
       (2, 'Turquoise', 'Lotus', 'C3JAmwZ', 32),
       (3, 'Maroon', 'Isuzu', 'M5vl48O', 33),
       (4, 'Aquamarine', 'GMC', 'cW4YLFj', 34),
       (5, 'Blue', 'Ford', 'wtDWjJG', 35),
       (6, 'Pink', 'Acura', 'it8RGGC', 36),
       (7, 'Pink', 'BMW', 'OPo4vYy', 37),
       (8, 'Goldenrod', 'Chrysler', '5HfdVYm', 38),
       (9, 'Aquamarine', 'Bugatti', 'XNPcMS3', 39),
       (10, 'Khaki', 'Hyundai', 'jZPQTWu', 32),
       (11, 'Violet', 'Chevrolet', 'BgfIBLn', 31),
       (12, 'Purple', 'Chrysler', 'xUzGbwD', 42),
       (13, 'Maroon', 'Infiniti', 'YqQsaCp', 43),
       (14, 'Maroon', 'Volvo', 'jVPHRzj', 44),
       (15, 'Mauv', 'Volkswagen', 'ru311Hg', 32),
       (16, 'Goldenrod', 'Ferrari', 'WMlo9zD', 46),
       (17, 'Khaki', 'Hyundai', 'mof13Bt', 47),
       (18, 'Blue', 'Toyota', '1BONOXy', 48),
       (19, 'Turquoise', 'Chevrolet', 'EWvNgyk', 1),
       (20, 'Fuscia', 'Kia', '5PjPgvD', 2),
       (21, 'Khaki', 'Toyota', 'leRwo7M', 3),
       (22, 'Purple', 'Isuzu', 'vin3Ywc', 4),
       (23, 'Goldenrod', 'Toyota', 'R7gNFle', 5),
       (24, 'Goldenrod', 'Mercury', 'YUNyMtl', 6),
       (25, 'Puce', 'Buick', 'TWces6o', 7);

insert into Booking(Booking_Id, User_Id, Spot, Car_Id, Start_Hour, End_Hour,Date, Code, Cost, Booking_Time, Garage_Id)
VALUES (1, 31, 111, 1, 11,13,DATE_SUB(curdate(), INTERVAL 1 DAY), 'KL229D', 67, now(),1),
       (2, 32, 112, 2, 13,17,DATE_SUB(curdate(), INTERVAL 2 DAY), 'K5589D', 54, now(),1),
       (3, 33, 121, 3, 03,06,DATE_SUB(curdate(), INTERVAL 3 DAY), 'K0089D', 56, now(),1),
       (4, 34, 221, 4, 11,12,DATE_SUB(curdate(), INTERVAL 4 DAY), 'K9989D', 54, now(),2),
       (5, 35, 411, 5, 11,13,DATE_SUB(curdate(), INTERVAL 2 DAY), 'K8889D', 23, now(),4),
       (6, 36, 421, 6, 15,17,DATE_SUB(curdate(), INTERVAL 1 DAY), 'K7789D', 23, now(),4),
       (7, 37, 431, 7, 11,13,DATE_SUB(curdate(), INTERVAL 2 DAY), 'K6689D', 65, now(),4),
       (8, 38, 511, 8, 11,13,DATE_SUB(curdate(), INTERVAL 2 DAY), 'K5089D', 67, now(),5),
       (9, 39, 531, 9, 05,06,DATE_SUB(curdate(), INTERVAL 1 DAY), 'K4489D', 87, now(),5),
       (10, 32, 532, 10, 01,03,curdate(), '33H89D', 11, now(),5),
       (11, 41, 533, 11, 05,08,DATE_SUB(curdate(), INTERVAL 1 DAY), '22H89D', 34, now(),5),
       (12, 42, 534, 12, 08,10,DATE_SUB(curdate(), INTERVAL 2 DAY), '11H89D', 56, now(),5),
       (13, 43, 535, 13, 15,17,DATE_SUB(curdate(), INTERVAL 1 DAY), 'KLH00D', 78, now(),5),
       (14, 44, 536, 14, 15,19,curdate(), 'KLH90D', 89, now(),5),
       (15, 32, 537, 15, 17,19,DATE_SUB(curdate(), INTERVAL 3 DAY), 'KLH45D', 45, now(),5),
       (16, 46, 541, 16, 19,20,curdate(), 'KLH56D', 34, now(),5),
       (17, 47, 542, 17, 22,24,DATE_SUB(curdate(), INTERVAL 3 DAY), 'KLH67D', 45, now(),5),
       (18, 48, 533, 18, 19,22,DATE_SUB(curdate(), INTERVAL 2 DAY), 'KLH78D', 49, now(),5);

insert into Customer (User_Id, Booking_Id, Total_Bookings)
values (31, 1, 1),
       (32, 2, 1),
       (33, 3, 1),
       (34, 4, 1),
       (35, 5, 1),
       (36, 6, 1),
       (37, 7, 1),
       (38, 8, 1),
       (39, 9, 1),
       (32, 10, 1),
       (41, 11, 1),
       (42, 12, 1),
       (43, 13, 1),
       (44, 14, 1),
       (32, 15, 1),
       (46, 16, 1),
       (47, 17, 1),
       (48, 18, 1);


insert into Parking_Slip (Parking_Slip_Id, Booking_Id, Actual_Exit_Time, Expected_Exit_Time, Bfr_penalty_amount,
                          Penalty_time, Is_Paid)
values (1, 1, now(), now(), 67, 0, true),
       (2, 2, now(), now(), 54, 0, true),
       (3, 3, now(), now(), 56, 2, true),
       (4, 4, now(), now(), 54, 0, true),
       (5, 5, now(), now(), 23, 1, true),
       (6, 6, now(), now(), 23, 0, true),
       (7, 7, now(), now(), 65, 0, true),
       (8, 8, now(), now(), 67, 3, true),
       (9, 9, now(), now(), 87, 0, true),
       (10, 10, now(), now(), 11, 0, true),
       (11, 11, now(), now(), 34, 4, true),
       (12, 12, now(), now(), 56, 0, true),
       (13, 13, now(), now(), 78, 0, true),
       (14, 14, now(), now(), 89, 1, true),
       (15, 15, now(), now(), 45, 2, true),
       (16, 16, now(), now(), 34, 0, true),
       (17, 17, now(), now(), 45, 2, true),
       (18, 18, now(), now(), 49, 0, true);
