USE parkingsolution;

INSERT INTO Duration(Duration_Id, Duration_name, Duration_in_hours)
VALUES ('0.5', 'Half Hour', '0.5hr'),
       ('1', 'One Hours', '1hr'),
       ('2', 'Two Hours', '2hr'),
       ('3', '1/8 Day', '3hr'),
       ('6', 'Quarter Day', '6hr'),
       ('9', '3/8 Day', '9hr'),
       ('12', 'Half Day', '12hr'),
       ('16', '2/3 Day', '16hr'),
       ('24', 'Full Day', '24hr');

INSERT INTO Garage(Garage_Id, Owner_Id, Operator_Id, Zip, Set_cost, Garage_name, number_floors, Total_spots, Address,
                   Available)
VALUES (1, 1, 1, 91730, 15, 'UParking Lot', 5, 100, '92 Homewood Lane Rancho Cucamonga, CA', true),
       (2, 2, 2, 90006, 12, 'Parking Moving Parking', 5, 100, '1 NW. Bridge St.Moreno Valley, CA', true),
       (3, 3, 3, 92553, 11, 'Valet Lot Parking', 5, 250, '265 Shady DriveLos Angeles, CA', true),
       (4, 4, 4, 92423, 14, 'The Parking Change', 5, 250, '560 Ridgewood St.Oakland, CA', false),
       (5, 5, 5, 99823, 15, 'The Parking Moving', 5, 100, '670 East Peachtree Drive Porterville, CA', true),
       (6, 6, 6, 93749, 18, 'Bus Lotly', 5, 150, '12 Court Dr.Vista, CA', true),
       (7, 7, 7, 90989, 19, 'Taxi Lotly', 5, 500, '931 Galvin Ave.Long Beach, CA', false),
       (8, 8, 8, 90090, 20, 'Lot Parking Parking', 5, 200, '8 Oxford StreetAntioch, CA', true),
       (9, 9, 9, 90030, 22, 'Moving Parking Parking', 5, 500, '738 Edgefield RoadHuntington Beach, CA', true),
       (10, 10, 10, 91320, 25, 'Lot Valet Parking', 5, 150, '769 Hawthorne St.Oxnard, CA', true),
       (11, 11, 11, 94567, 10, 'Lot Busly', 5, 250, '722 Silver Spear StreeLompoc, CA', true),
       (12, 12, 12, 93456, 30, 'Lot Bus Parking', 5, 200, '83 Princess St.Carmichael, CA', false),
       (13, 13, 13, 92345, 25, 'The Lot Taxi', 5, 100, '9338 Nicolls St.Sacramento, CA', true),
       (14, 14, 14, 91234, 20, 'Valet Lotly', 5, 200, '933988 Nicolls St.Sacramento, CA', true),
       (15, 15, 15, 97878, 23, 'Co Parking Lot', 5, 300, '872 Cambridge Road Milpitas, CA', false);

INSERT INTO Owner(Owner_Id, Username, Name, Phone_number, Password, Owner_code, Garage_Id)
VALUES (1, 'user1', 'Cosmo Macleod', '5216325698', MD5('user1password'), '123456', 1),
       (2, 'user1', 'Cosmo Macleod', '4596253621', MD5('user2password'), '234567', 2),
       (3, 'user2', 'Vincenzo Oliver', '7854956325', MD5('user3password'), '345678', 3),
       (4, 'user3', 'Jacqueline Castro', '4589652365', MD5('user4password'), '456789', 4),
       (5, 'user4', 'Kelsey Fry', '4895621526', MD5('user5password'), '567891', 5),
       (6, 'user5', 'Fynley Nolan', '5623651425', MD5('user6password'), '678912', 6),
       (7, 'user6', 'Bobby Mcdaniel', '6971452365', MD5('user7password'), '789123', 7),
       (8, 'user7', 'Sameeha Stone', '9632587412', MD5('user8password'), '891234', 8),
       (9, 'user8', 'Alyssa Oakley', '7852143698', MD5('user9password'), '912345', 9),
       (10, 'user9', 'Natalia Cabrera', '5623654789', MD5('user10password'), '147852', 10),
       (11, 'user10', 'Jia Prentice', '2314565698', MD5('user11password'), '258963', 11),
       (12, 'user11', 'Myles Mays', '8950230256', MD5('user11password'), '369258', 12),
       (13, 'user12', 'Nella Joyner', '6023650215', MD5('user12password'), '159357', 13),
       (14, 'user12', 'Nella Joyner', '5102365203', MD5('user12password'), '985632', 14),
       (15, 'user13', 'Margaux Kennedy', '1023021023', MD5('user13password'), '148526', 15);

INSERT INTO Operator(Operator_Id, Username, Name, Phone_number, Password, Garage_Id, Salary)
VALUES (1, 'opr1', 'Macleod Cosmo', '5215525698', MD5('user1password'), 1, 10),
       (2, 'opr2', 'Cosmo Macleod', '4596653621', MD5('user2password'), 2, 20),
       (3, 'opr3', 'Oliver Vincenzo', '7664956325', MD5('user3password'), 3, 30),
       (4, 'opr4', 'Castro Jacqueline', '4999652365', MD5('user4password'), 4, 40),
       (5, 'opr5', 'Fry Kelsey', '4895621996', MD5('user5password'), 5, 50),
       (6, 'opr6', 'Nolan Fynley', '5623655425', MD5('user6password'), 6, 60),
       (7, 'opr7', 'Mcdaniel Bobby', '6979952365', MD5('user7password'), 7, 70),
       (8, 'opr8', 'Stone Sameeha', '9632667412', MD5('user8password'), 8, 80),
       (9, 'opr9', 'Oakley Alyssa', '7852223698', MD5('user9password'), 9, 90),
       (10, 'opr10', 'Cabrera Natalia', '6623654789', MD5('user10password'), 10, 100),
       (11, 'opr11', 'Prentice Jia', '2319965698', MD5('user11password'), 11, 110),
       (12, 'opr12', 'Mays Myles', '8950277256', MD5('user11password'), 12, 120),
       (13, 'opr13', 'Joyner Nella', '6026650215', MD5('user12password'), 13, 130),
       (14, 'opr14', 'Nella Joyner', '5102265203', MD5('user12password'), 14, 140),
       (15, 'opr15', 'Kennedy Margau', '5642315696', MD5('user13password'), 15, 150);

INSERT INTO Floor(Floor_Id, Total_booked, Total_spots, Garage_Id)
VALUES (1, 5, 20, 1),
       (2, 0, 20, 1),
       (3, 20, 20, 1),
       (4, 0, 20, 1),
       (5, 10, 20, 1),
       (1, 10, 20, 2),
       (2, 10, 20, 2),
       (3, 10, 20, 2),
       (4, 10, 20, 2),
       (5, 0, 20, 2),
       (1, 30, 50, 3),
       (2, 10, 50, 3),
       (3, 0, 50, 3),
       (4, 10, 50, 3),
       (5, 30, 50, 3),
       (1, 10, 50, 4),
       (2, 10, 50, 4),
       (3, 30, 50, 4),
       (4, 0, 50, 4),
       (5, 30, 50, 4),
       (1, 10, 20, 5),
       (2, 10, 20, 5),
       (3, 0, 20, 5),
       (4, 10, 20, 5),
       (5, 20, 20, 5),
       (1, 30, 30, 6),
       (2, 20, 30, 6),
       (3, 10, 30, 6),
       (4, 0, 30, 6),
       (5, 10, 30, 6),
       (1, 20, 100, 7),
       (2, 0, 100, 7),
       (3, 20, 100, 7),
       (4, 10, 100, 7),
       (5, 10, 100, 7),
       (1, 0, 40, 8),
       (2, 20, 40, 8),
       (3, 10, 40, 8),
       (4, 10, 40, 8),
       (5, 20, 40, 8);

INSERT INTO Spot(Garage_Id, Floor_Id, Spot_Id, Open, Duration_Id)
VALUES (1, 1, 1, true, NULL)